;Relative Image Path;Class Name;Class Index;Aspect Ratio;Number of Corners (Harris);Number of Corners (Shi-Tomasi);Perimeter Area Ratio
0;data\images\original\bottleOpener\00c25ad620.jpg;bottleOpener;0;0.20124844704351966;7;11;0.056029442753298034
1;data\images\original\bottleOpener\0126d00855.jpg;bottleOpener;0;0.23184361572226336;10;16;0.04727393811320585
2;data\images\original\bottleOpener\01f04fc0e9.jpg;bottleOpener;0;0.3599501048655018;10;14;0.04441063638818192
3;data\images\original\bottleOpener\028abd0b0e.jpg;bottleOpener;0;0.30128840953698327;8;25;0.02620277173907826
4;data\images\original\bottleOpener\03045fd751.jpg;bottleOpener;0;0.20811675456962986;12;28;0.03424698730768642
5;data\images\original\bottleOpener\0401fd67ae.jpg;bottleOpener;0;0.09278350515463918;4;4;0.19202102026490966
6;data\images\original\bottleOpener\043a8d4baf.jpg;bottleOpener;0;0.42673094058629935;7;8;0.11783422269354102
7;data\images\original\bottleOpener\045823b159.jpg;bottleOpener;0;0.4585635359116022;6;8;0.03685686212050033
8;data\images\original\bottleOpener\04f3228112.jpg;bottleOpener;0;0.25136157666748243;17;86;0.010254661958197105
9;data\images\original\bottleOpener\061d708626.jpg;bottleOpener;0;0.21848653780685126;2;12;0.04599247653142384
10;data\images\original\bottleOpener\072c17f8cc.jpg;bottleOpener;0;0.2269066967120315;17;45;0.027845554957447127
11;data\images\original\bottleOpener\07def7d72f.jpg;bottleOpener;0;0.7623762376237624;4;30;0.05004946409891813
12;data\images\original\bottleOpener\08a8641815.jpg;bottleOpener;0;0.24237297223907206;6;11;0.06516064828416036
13;data\images\original\bottleOpener\0b46e6187d.jpg;bottleOpener;0;0.30289959592012206;6;9;0.05608693825483905
14;data\images\original\bottleOpener\0df8320d03.jpg;bottleOpener;0;0.24246477572012234;5;10;0.06524785477603529
15;data\images\original\bottleOpener\0f3614c3e6.jpg;bottleOpener;0;0.2307417176808869;26;71;0.022978723469216172
16;data\images\original\bottleOpener\0f7e34d536.jpg;bottleOpener;0;0.23746009829473397;5;14;0.049337409601708265
17;data\images\original\bottleOpener\0ffacba8a8.jpg;bottleOpener;0;0.20114085735626214;5;8;0.0715930761845529
18;data\images\original\bottleOpener\100c9ec044.jpg;bottleOpener;0;0.23663556985474196;118;251;0.06843916162259978
19;data\images\original\bottleOpener\10523b1f5e.jpg;bottleOpener;0;0.2383186091483051;11;22;0.03331372693413709
20;data\images\original\bottleOpener\108b641d5b.jpg;bottleOpener;0;0.2680799921914791;13;58;0.07251935693449546
21;data\images\original\bottleOpener\1458d66a2d.jpg;bottleOpener;0;0.17183030418582296;3;7;0.08920007637169786
22;data\images\original\bottleOpener\14d3f13a18.jpg;bottleOpener;0;0.19422208730870766;5;24;0.02944996628342382
23;data\images\original\bottleOpener\15d3ed9cc7.jpg;bottleOpener;0;0.7983539094650206;41;99;0.015166778415311872
24;data\images\original\bottleOpener\15fe5bdc40.jpg;bottleOpener;0;0.208829846862786;7;8;0.08804669926655712
25;data\images\original\bottleOpener\162cc3151e.jpg;bottleOpener;0;0.4400773769290678;88;358;0.0054436801428271965
26;data\images\original\bottleOpener\17e0e82a43.jpg;bottleOpener;0;0.24739643555684207;5;6;0.0767512792820869
27;data\images\original\bottleOpener\17e3f820d5.jpg;bottleOpener;0;0.2597678400486443;20;139;0.02629780333716284
28;data\images\original\bottleOpener\180913da37.jpg;bottleOpener;0;0.20276763964924216;4;11;0.0626141258011061
29;data\images\original\bottleOpener\19fe48f389.jpg;bottleOpener;0;0.3107831690823137;17;26;0.035829778937547484
30;data\images\original\bottleOpener\1a937af531.jpg;bottleOpener;0;0.6223404255319149;9;12;0.03466577086205039
31;data\images\original\bottleOpener\1bdcb8d308.jpg;bottleOpener;0;0.28921568627450983;5;8;0.04309916897772641
32;data\images\original\bottleOpener\1c2ea13eed.jpg;bottleOpener;0;0.2838983050847458;26;64;0.06313481597879536
33;data\images\original\bottleOpener\1e2752733a.jpg;bottleOpener;0;0.2765783198111502;18;41;0.026845413323821482
34;data\images\original\bottleOpener\1e9b1b4df8.jpg;bottleOpener;0;0.31645569620253167;9;10;0.10496052080543694
35;data\images\original\bottleOpener\1f45e48bb9.jpg;bottleOpener;0;0.37595150965050456;72;182;0.048664911093259315
36;data\images\original\bottleOpener\1f6d774fd9.jpg;bottleOpener;0;0.1827153891458689;4;18;0.04628704039271773
37;data\images\original\bottleOpener\1fb8f92509.jpg;bottleOpener;0;0.2239255720002076;20;162;0.010271612789633837
38;data\images\original\bottleOpener\20211220_190545.jpg;bottleOpener;0;0.4026730400966005;156;413;0.16655728579710719
39;data\images\original\bottleOpener\20211220_190622.jpg;bottleOpener;0;0.02749886343725266;25;251;0.3477993459182978
40;data\images\original\bottleOpener\20211220_212025.jpg;bottleOpener;0;0.6745290543876721;21;102;0.009762341095706058
41;data\images\original\bottleOpener\20211220_212255.jpg;bottleOpener;0;0.3271660313195896;368;574;0.25331190550543103
42;data\images\original\bottleOpener\20211224_114207.jpg;bottleOpener;0;0.7188264731344073;220;562;0.019963199857525468
43;data\images\original\bottleOpener\20211224_114231.jpg;bottleOpener;0;0.17805285492184064;70;610;0.38368163712675774
44;data\images\original\bottleOpener\20211224_114317.jpg;bottleOpener;0;0.48525525197889785;93;330;0.0544999363335918
45;data\images\original\bottleOpener\20211224_114344.jpg;bottleOpener;0;0.7265776242574656;212;334;0.04982609917133226
46;data\images\original\bottleOpener\21e7f51f47.jpg;bottleOpener;0;0.3137254901960784;4;11;0.06916619770201667
47;data\images\original\bottleOpener\2230be3577.jpg;bottleOpener;0;0.22933643771827705;26;123;0.012491876411872336
48;data\images\original\bottleOpener\225cce3e31.jpg;bottleOpener;0;0.3229166666666667;10;16;0.04929729185378472
49;data\images\original\bottleOpener\22a9067077.jpg;bottleOpener;0;0.905982905982906;25;42;0.04684905351662821
50;data\images\original\bottleOpener\24e8826fd9.jpg;bottleOpener;0;0.4215985745827252;9;12;0.04430431754830776
51;data\images\original\bottleOpener\2580a4525c.jpg;bottleOpener;0;0.4269944040070975;10;47;0.13151939586832934
52;data\images\original\bottleOpener\28cffcc31b.jpg;bottleOpener;0;0.2974647486649855;7;10;0.06304395432455007
53;data\images\original\bottleOpener\294d5c8f32.jpg;bottleOpener;0;0.2872968901101514;5;6;0.07133317659285088
54;data\images\original\bottleOpener\2a0550b6ea.jpg;bottleOpener;0;0.48371108787033434;7;7;0.12305262563806378
55;data\images\original\bottleOpener\2a1324afad.jpg;bottleOpener;0;0.3815028901734104;12;24;10369882595819100,00
56;data\images\original\bottleOpener\2ab0abed42.jpg;bottleOpener;0;0.29516489680818647;10;65;0.00964854454002659
57;data\images\original\bottleOpener\2ba6ccebd3.jpg;bottleOpener;0;0.2504028136651365;203;376;0.006171377583229019
58;data\images\original\bottleOpener\2c28ce0d05.jpg;bottleOpener;0;0.3333333333333333;9;11;0.053849812229821825
59;data\images\original\bottleOpener\2d2527fc1e.jpg;bottleOpener;0;0.2181208053691275;7;18;0.037181047128520134
60;data\images\original\bottleOpener\2d422f3728.jpg;bottleOpener;0;0.25749781818214784;9;10;0.11144453571635807
61;data\images\original\bottleOpener\2e5e7bf7e0.jpg;bottleOpener;0;0.8941532093753729;33;78;0.030065265586282027
62;data\images\original\bottleOpener\315aaa5397.jpg;bottleOpener;0;0.2874069627224239;21;57;0.02113410120457657
63;data\images\original\bottleOpener\31be7c1ccc.jpg;bottleOpener;0;0.35225268874475085;3;15;0.04304548103178307
64;data\images\original\bottleOpener\31e314a5ad.jpg;bottleOpener;0;0.2084987249439799;6;35;0.02930922940910024
65;data\images\original\bottleOpener\3216f6e964.jpg;bottleOpener;0;0.3002680965147453;10;55;0.015874730503087874
66;data\images\original\bottleOpener\32e0b98260.jpg;bottleOpener;0;0.28532288145128587;17;44;0.02472440313898925
67;data\images\original\bottleOpener\32e80fb8ea.jpg;bottleOpener;0;0.4611733768041719;12;13;0.039256498165492655
68;data\images\original\bottleOpener\3337944d32.jpg;bottleOpener;0;0.304178814382896;24;162;0.24745828062275257
69;data\images\original\bottleOpener\33f213b535.jpg;bottleOpener;0;0.2789540905155984;6;7;0.07922558885298756
70;data\images\original\bottleOpener\34bd3a8345.jpg;bottleOpener;0;0.2897224924819529;3;11;0.06503157811022456
71;data\images\original\bottleOpener\355fd93d79.jpg;bottleOpener;0;0.3975903614457831;3;12;0.05780339457541661
72;data\images\original\bottleOpener\35cc2fa50e.jpg;bottleOpener;0;0.32679738562091504;7;7;0.05473781105038848
73;data\images\original\bottleOpener\3798c2ef7c.jpg;bottleOpener;0;0.30449678215820625;10;14;0.04629133891621004
74;data\images\original\bottleOpener\382ec70897.jpg;bottleOpener;0;0.16874631797188294;21;46;0.03679599290724408
75;data\images\original\bottleOpener\3ad5755ed9.jpg;bottleOpener;0;0.21292623412528833;6;9;0.05792448720010015
76;data\images\original\bottleOpener\3b2e45f3fb.jpg;bottleOpener;0;0.23696682464454977;3;7;0.050046670907654515
77;data\images\original\bottleOpener\3bae6169b2.jpg;bottleOpener;0;0.2796026005642671;36;93;0.01208169145714957
78;data\images\original\bottleOpener\3c8f46c621.jpg;bottleOpener;0;0.4031443351574893;5;7;0.1393622424867418
79;data\images\original\bottleOpener\3d1634f3b0.jpg;bottleOpener;0;0.4414743426258694;17;41;0.015551760584125603
80;data\images\original\bottleOpener\3f5f5ce58d.jpg;bottleOpener;0;0.7380952380952381;3;4;0.11983219353549451
81;data\images\original\bottleOpener\40f53161ca.jpg;bottleOpener;0;0.2567774110885374;7;30;0.02012397444644971
82;data\images\original\bottleOpener\4585ad0739.jpg;bottleOpener;0;0.2551917548310143;7;10;0.05738981451256141
83;data\images\original\bottleOpener\4736e96e65.jpg;bottleOpener;0;0.7419705056226109;18;57;0.05731322802747524
84;data\images\original\bottleOpener\4749e93d63.jpg;bottleOpener;0;0.3;7;8;0.06398045899012963
85;data\images\original\bottleOpener\48cec7edd6.jpg;bottleOpener;0;0.2909090909090909;4;8;0.08350265610434536
86;data\images\original\bottleOpener\48dee93352.jpg;bottleOpener;0;0.5381832188141791;3;8;0.06651274198616858
87;data\images\original\bottleOpener\48f631d7c7.jpg;bottleOpener;0;0.1845790830072515;7;10;0.11674731569715577
88;data\images\original\bottleOpener\49dbfc1711.jpg;bottleOpener;0;0.7260886139381089;300;1454;0.013048005416021125
89;data\images\original\bottleOpener\4cf6aa2f9b.jpg;bottleOpener;0;0.2818801412905463;9;26;0.03233287863955355
90;data\images\original\bottleOpener\4e11477bf4.jpg;bottleOpener;0;0.2097560975609756;2;7;0.06957205371965837
91;data\images\original\bottleOpener\4ecc418f73.jpg;bottleOpener;0;0.18723752844694916;5;10;0.08020800805231285
92;data\images\original\bottleOpener\4ed3933cd9.jpg;bottleOpener;0;0.19821876828584034;18;34;0.026620969874742377
93;data\images\original\bottleOpener\4f08a95180.jpg;bottleOpener;0;0.23556699531555764;4;10;0.05408616029149358
94;data\images\original\bottleOpener\4fc266889c.jpg;bottleOpener;0;0.20189030837230307;2;7;0.07206703579970786
95;data\images\original\bottleOpener\5102e4747f.jpg;bottleOpener;0;0.21610576253539318;17;56;0.026504223839200224
96;data\images\original\bottleOpener\51b6d2a825.jpg;bottleOpener;0;0.6078453520324414;10;11;0.06678253547172268
97;data\images\original\bottleOpener\522cb3347f.jpg;bottleOpener;0;0.3313714965477735;71;92;0.020209837779365466
98;data\images\original\bottleOpener\52455eef8c.jpg;bottleOpener;0;0.4354414410077427;59;118;0.011199532063495991
99;data\images\original\bottleOpener\52dc03a7de.jpg;bottleOpener;0;0.30141843971631205;4;12;0.07573802623429067
100;data\images\original\bottleOpener\5373f21861.jpg;bottleOpener;0;0.37958532438639225;11;14;0.26213656537929586
101;data\images\original\bottleOpener\53ce6c5ed4.jpg;bottleOpener;0;0.2751680459508655;45;167;0.009727936552775655
102;data\images\original\bottleOpener\53d51f3fca.jpg;bottleOpener;0;0.21739822865991285;5;28;0.02493737161334544
103;data\images\original\bottleOpener\547ebded8d.jpg;bottleOpener;0;0.26570048309178745;5;8;0.0649391182233089
104;data\images\original\bottleOpener\55ebf16765.jpg;bottleOpener;0;0.26925193630691735;472;909;0.02808577416044917
105;data\images\original\bottleOpener\563468c5f0.jpg;bottleOpener;0;0.20388131395733455;18;31;0.02541736339144779
106;data\images\original\bottleOpener\56937d0965.jpg;bottleOpener;0;0.33017970343762754;31;135;0.010994223756726115
107;data\images\original\bottleOpener\56fa0945f2.jpg;bottleOpener;0;0.7305912382146439;40;104;0.37410478692477844
108;data\images\original\bottleOpener\56fbc22779.jpg;bottleOpener;0;0.3107344632768362;3;5;0.07847405645789667
109;data\images\original\bottleOpener\575748e581.jpg;bottleOpener;0;0.3136073351256401;31;68;0.016376903883530223
110;data\images\original\bottleOpener\57b47a8452.jpg;bottleOpener;0;0.24802946212164764;4;6;0.09943986163591721
111;data\images\original\bottleOpener\57f877679e.jpg;bottleOpener;0;0.33315260490624626;53;60;0.03381495299039883
112;data\images\original\bottleOpener\587dc73848.jpg;bottleOpener;0;0.3176529954027033;6;9;0.0906720615634241
113;data\images\original\bottleOpener\58ac40118f.jpg;bottleOpener;0;0.31081397221326756;6;13;0.06684763515696807
114;data\images\original\bottleOpener\5956f80186.jpg;bottleOpener;0;0.27836318136077604;9;13;0.06060543692963779
115;data\images\original\bottleOpener\59e84e0a41.jpg;bottleOpener;0;0.914029597264501;10;22;0.03140298090311023
116;data\images\original\bottleOpener\59ee516231.jpg;bottleOpener;0;0.9919747834412639;9;10;0.05329810722211401
117;data\images\original\bottleOpener\5a01c59833.jpg;bottleOpener;0;0.2793594306049822;8;55;0.02116331437196332
118;data\images\original\bottleOpener\5af3f2355e.jpg;bottleOpener;0;0.27939888933600787;77;112;0.02438697719108425
119;data\images\original\bottleOpener\5bb39b9960.jpg;bottleOpener;0;0.22156817757042863;14;15;0.08676563522298454
120;data\images\original\bottleOpener\5e5ac5a2cf.jpg;bottleOpener;0;0.28125040888207375;10;59;0.011772582641923868
121;data\images\original\bottleOpener\5e5f903fcf.jpg;bottleOpener;0;0.2380617803193696;23;77;0.014846329398270932
122;data\images\original\bottleOpener\5ee287aaa3.jpg;bottleOpener;0;0.19434079367112286;8;12;0.053821885793425686
123;data\images\original\bottleOpener\5ef5ccd57c.jpg;bottleOpener;0;0.7133063224475931;8;10;0.046208013966465296
124;data\images\original\bottleOpener\5f38c98ccd.jpg;bottleOpener;0;0.35478221008801847;88;150;0.05387487270025886
125;data\images\original\bottleOpener\6027d41c21.jpg;bottleOpener;0;0.19526431429701976;3;11;0.06478802029250576
126;data\images\original\bottleOpener\612364e951.jpg;bottleOpener;0;0.9475982532751092;16;39;0.07268610204031357
127;data\images\original\bottleOpener\620481d2d3.jpg;bottleOpener;0;0.9941350503175593;5;7;0.04380628944680996
128;data\images\original\bottleOpener\62801b51b5.jpg;bottleOpener;0;0.2462290201052922;8;14;0.0441135888195716
129;data\images\original\bottleOpener\634da4fe6b.jpg;bottleOpener;0;0.20111335388701812;6;10;0.08420117988962617
130;data\images\original\bottleOpener\645a1cf18b.jpg;bottleOpener;0;0.9497352075057869;20;23;0.030650064771709864
131;data\images\original\bottleOpener\64b54a6e47.jpg;bottleOpener;0;0.5337100316784933;8;10;0.05373715133584952
132;data\images\original\bottleOpener\64d312b847.jpg;bottleOpener;0;0.3347804424139239;8;11;0.05791926520850689
133;data\images\original\bottleOpener\64f22eb5b9.jpg;bottleOpener;0;0.5635420284543069;10;20;0.02756992452528358
134;data\images\original\bottleOpener\65762f3e0b.jpg;bottleOpener;0;0.3787915091327486;28;42;0.06143232895331422
135;data\images\original\bottleOpener\65fc9bc417.jpg;bottleOpener;0;0.47826627322502974;30;67;0.052758622679069916
136;data\images\original\bottleOpener\68b17131b8.jpg;bottleOpener;0;0.20553348198453072;4;12;0.05269975512608804
137;data\images\original\bottleOpener\68c1b3a9e4.jpg;bottleOpener;0;0.2783018867924528;14;27;0.03444093432264251
138;data\images\original\bottleOpener\699c400405.jpg;bottleOpener;0;0.30223888258277243;5;6;0.429071273141062
139;data\images\original\bottleOpener\69e06a1138.jpg;bottleOpener;0;0.412603524550751;8;43;0.01700508699776915
140;data\images\original\bottleOpener\6b531d778f.jpg;bottleOpener;0;0.2783018867924528;18;29;0.034647596719841856
141;data\images\original\bottleOpener\6baf097955.jpg;bottleOpener;0;0.2022230876412461;5;11;0.05774640697960117
142;data\images\original\bottleOpener\6bd7a2324a.jpg;bottleOpener;0;0.3029416929846297;8;9;0.07369139799254201
143;data\images\original\bottleOpener\6cba5b737c.jpg;bottleOpener;0;0.22690763052208834;10;19;0.021440242822404542
144;data\images\original\bottleOpener\6da28f432d.jpg;bottleOpener;0;0.6335162457688481;13;14;0.03721922400005828
145;data\images\original\bottleOpener\6e27f67a2f.jpg;bottleOpener;0;0.31774937967572936;3;4;0.15657095701239607
146;data\images\original\bottleOpener\6eadb4e808.jpg;bottleOpener;0;0.7906200573762021;133;346;0.004022063920437891
147;data\images\original\bottleOpener\6eb1cd4940.jpg;bottleOpener;0;0.9367762587362485;16;22;0.02944306119331496
148;data\images\original\bottleOpener\6fbeb6486b.jpg;bottleOpener;0;0.30321984674307473;3;8;0.08287435877338964
149;data\images\original\bottleOpener\72769706ad.jpg;bottleOpener;0;0.28319533016027604;5;5;0.3991454170831722
150;data\images\original\bottleOpener\73a3c5c1b8.jpg;bottleOpener;0;0.20502192190994672;23;55;0.029929224039784257
151;data\images\original\bottleOpener\73a439f90b.jpg;bottleOpener;0;0.358695652173913;8;12;0.04754991130369888
152;data\images\original\bottleOpener\73e4804c0a.jpg;bottleOpener;0;0.22857142857142856;11;23;0.04070911286255585
153;data\images\original\bottleOpener\75150e638a.jpg;bottleOpener;0;0.6097107608496924;9;14;0.12611751019551037
154;data\images\original\bottleOpener\75db84d3c6.jpg;bottleOpener;0;0.46338656403791784;7;9;0.2110545400765251
155;data\images\original\bottleOpener\7610a3aa28.jpg;bottleOpener;0;0.20579108501098692;7;12;0.09782526107620632
156;data\images\original\bottleOpener\76e1aec952.jpg;bottleOpener;0;0.9903134571790694;43;78;0.06522318645669145
157;data\images\original\bottleOpener\77d45b4a89.jpg;bottleOpener;0;0.3421652243769927;3;8;0.05201253679380928
158;data\images\original\bottleOpener\780031e1d8.jpg;bottleOpener;0;0.1910569105691057;2;4;0.16838933805693956
159;data\images\original\bottleOpener\782ecfaf01.jpg;bottleOpener;0;0.2774228743138442;10;26;0.12655353106012412
160;data\images\original\bottleOpener\7858613c99.jpg;bottleOpener;0;0.17086150829678529;28;77;0.016869981718297664
161;data\images\original\bottleOpener\797419db0f.jpg;bottleOpener;0;0.9884502223167643;42;76;0.013394987136618006
162;data\images\original\bottleOpener\7990beb357.jpg;bottleOpener;0;0.911667071116208;105;237;0.005925461460092486
163;data\images\original\bottleOpener\7aaa366cb9.jpg;bottleOpener;0;0.4894885524346223;20;36;0.024674559355997546
164;data\images\original\bottleOpener\7b013a6ce9.jpg;bottleOpener;0;0.2946295993354634;4;6;0.10198924348361767
165;data\images\original\bottleOpener\7b3030aaf2.jpg;bottleOpener;0;0.2824956672443674;41;52;0.13107699334001197
166;data\images\original\bottleOpener\7bb404fd41.jpg;bottleOpener;0;0.6073443897865445;5;18;0.03769826532484668
167;data\images\original\bottleOpener\7d17509252.jpg;bottleOpener;0;0.2679425837320574;5;9;0.0857529820474011
168;data\images\original\bottleOpener\7d2c7a2091.jpg;bottleOpener;0;0.3218178222226546;4;7;0.16019318098263416
169;data\images\original\bottleOpener\7d5b178a07.jpg;bottleOpener;0;0.3976274377472803;3;3;0.05835361631059374
170;data\images\original\bottleOpener\7db8031ed4.jpg;bottleOpener;0;0.2840619701271739;245;415;0.024404562102822953
171;data\images\original\bottleOpener\7f22a79e43.jpg;bottleOpener;0;0.27979274611398963;41;81;0.04129137659617568
172;data\images\original\bottleOpener\7f341acb0c.jpg;bottleOpener;0;0.25892857142857145;5;10;0.0748101937012938
173;data\images\original\bottleOpener\800a3e9a37.jpg;bottleOpener;0;0.16203001197107642;12;43;0.015358976966722919
174;data\images\original\bottleOpener\802c5225fa.jpg;bottleOpener;0;0.45374476507381967;51;83;0.03568010086096106
175;data\images\original\bottleOpener\811ffd82fd.jpg;bottleOpener;0;0.26067542808285993;5;15;0.043363800327671634
176;data\images\original\bottleOpener\81619588d3.jpg;bottleOpener;0;0.6651421905541836;12;55;0.023248354240467083
177;data\images\original\bottleOpener\818d314067.jpg;bottleOpener;0;0.23952095808383234;1;8;0.06314661608319354
178;data\images\original\bottleOpener\82bb36219c.jpg;bottleOpener;0;0.22671173986371088;6;25;0.019953619778532203
179;data\images\original\bottleOpener\82f21b5907.jpg;bottleOpener;0;0.31040204979363617;7;9;0.0720793605103724
180;data\images\original\bottleOpener\83d0a0bd56.jpg;bottleOpener;0;0.5443037974683544;4;9;0.03496117228660897
181;data\images\original\bottleOpener\84a4af92cf.jpg;bottleOpener;0;0.3135011441647597;7;21;0.031795056333884096
182;data\images\original\bottleOpener\851e635ec7.jpg;bottleOpener;0;0.1288933598171261;4;10;0.021601921652461727
183;data\images\original\bottleOpener\8541b72fca.jpg;bottleOpener;0;0.3098534126464885;17;18;0.04790057882317315
184;data\images\original\bottleOpener\85baa820c4.jpg;bottleOpener;0;0.2712362335093709;148;311;0.006585792386282299
185;data\images\original\bottleOpener\86039607ff.jpg;bottleOpener;0;0.4068029996496848;31;128;0.008674175699332909
186;data\images\original\bottleOpener\861c89d45c.jpg;bottleOpener;0;0.2520886459708196;8;12;0.05178845069135252
187;data\images\original\bottleOpener\86656bf090.jpg;bottleOpener;0;0.2178986494046022;4;51;0.021237696417063287
188;data\images\original\bottleOpener\87aa86795a.jpg;bottleOpener;0;0.17830114695032442;7;70;0.014557156031254102
189;data\images\original\bottleOpener\87b0a73582.jpg;bottleOpener;0;0.7651006711409396;10;44;0.03449627247182518
190;data\images\original\bottleOpener\8830bc3b56.jpg;bottleOpener;0;0.32766384479554383;230;751;0.005284687184500489
191;data\images\original\bottleOpener\89b90912f6.jpg;bottleOpener;0;0.2264138471371732;7;9;0.054244732362039916
192;data\images\original\bottleOpener\8a38d32298.jpg;bottleOpener;0;0.2702671908225448;15;76;0.01088664959927774
193;data\images\original\bottleOpener\8b96f5300f.jpg;bottleOpener;0;0.8966801059590693;10;11;0.045989282119959105
194;data\images\original\bottleOpener\8b9fb62378.jpg;bottleOpener;0;0.2885225955853735;8;15;0.045807708047045266
195;data\images\original\bottleOpener\8cd5ad32d6.jpg;bottleOpener;0;0.3702976084042396;51;140;0.007557555512567239
196;data\images\original\bottleOpener\8d5240f67b.jpg;bottleOpener;0;0.28125;3;6;0.12824138903578283
197;data\images\original\bottleOpener\8ed40ab874.jpg;bottleOpener;0;0.1775598230903965;4;30;0.023254771747344558
198;data\images\original\bottleOpener\8f0c9292bd.jpg;bottleOpener;0;0.2078893770243799;12;40;0.025944127277618724
199;data\images\original\bottleOpener\8f34196d82.jpg;bottleOpener;0;0.24357624183082857;7;11;0.3684840567271145
200;data\images\original\bottleOpener\8f46357b12.jpg;bottleOpener;0;0.7928286852589641;5;22;0.0465293700655931
201;data\images\original\bottleOpener\9001674983.jpg;bottleOpener;0;0.3422693287775557;27;44;0.188051557961749
202;data\images\original\bottleOpener\92a47cc9a7.jpg;bottleOpener;0;0.3001682036894827;40;132;0.014427159039538819
203;data\images\original\bottleOpener\92e9c27271.jpg;bottleOpener;0;0.30456324291211156;80;178;0.012478461990653507
204;data\images\original\bottleOpener\933e99a580.jpg;bottleOpener;0;0.22797927461139897;3;8;0.0550426753832782
205;data\images\original\bottleOpener\9368e7077e.jpg;bottleOpener;0;0.35264272191025764;17;39;0.04179785294100673
206;data\images\original\bottleOpener\93f0707be4.jpg;bottleOpener;0;0.4043973119589897;17;55;0.01421866745384741
207;data\images\original\bottleOpener\94105291ce.jpg;bottleOpener;0;0.6074620932930916;7;50;0.03208318093111938
208;data\images\original\bottleOpener\957c5fe2fa.jpg;bottleOpener;0;0.1885437750897168;5;8;0.11404310294046903
209;data\images\original\bottleOpener\95f3493c76.jpg;bottleOpener;0;0.7359691593276922;47;286;0.029539976714608267
210;data\images\original\bottleOpener\96c7308fcf.jpg;bottleOpener;0;0.6544117647058824;6;7;0.036682217521137005
211;data\images\original\bottleOpener\96e8b182f9.jpg;bottleOpener;0;0.2564572728916913;3;5;0.11599731920969733
212;data\images\original\bottleOpener\96f5cfad05.jpg;bottleOpener;0;0.21069546117015836;4;8;0.08353326811515674
213;data\images\original\bottleOpener\994b2ec3d2.jpg;bottleOpener;0;0.3443396226415094;4;12;0.03830972487876677
214;data\images\original\bottleOpener\998e3fcfae.jpg;bottleOpener;0;0.43801058619525224;6;10;0.054012005198683447
215;data\images\original\bottleOpener\99a2a9a8f3.jpg;bottleOpener;0;0.6509496993349627;46;233;0.03357598535640971
216;data\images\original\bottleOpener\9a18eb7e64.jpg;bottleOpener;0;0.7795150371899126;19;71;0.03512305457625259
217;data\images\original\bottleOpener\9a4cf457ae.jpg;bottleOpener;0;0.3376159936051416;32;113;0.0077906898330347436
218;data\images\original\bottleOpener\9ac404564e.jpg;bottleOpener;0;0.3654352905196984;156;442;0.15607034567548822
219;data\images\original\bottleOpener\9c854410f7.jpg;bottleOpener;0;0.27906976744186046;5;7;0.061854872016407
220;data\images\original\bottleOpener\9d52fa6611.jpg;bottleOpener;0;0.24725234405093327;117;243;0.36741361301388004
221;data\images\original\bottleOpener\9e66ed8871.jpg;bottleOpener;0;0.47222227472388784;25;201;0.017244531538887307
222;data\images\original\bottleOpener\9fa868392d.jpg;bottleOpener;0;0.21958988768412632;8;11;0.16323425437194233
223;data\images\original\bottleOpener\a079ae1c50.jpg;bottleOpener;0;0.2598712327139718;51;85;0.2321949154440583
224;data\images\original\bottleOpener\a13d30b733.jpg;bottleOpener;0;0.35905993975702916;4;9;0.0650896039929925
225;data\images\original\bottleOpener\a16b700e5b.jpg;bottleOpener;0;0.21875;3;11;0.050147064026170814
226;data\images\original\bottleOpener\a252ba7943.jpg;bottleOpener;0;0.3167665119124931;7;8;0.07992486103694799
227;data\images\original\bottleOpener\a2cd813471.jpg;bottleOpener;0;0.45165020331879496;4;10;0.07791599620188228
228;data\images\original\bottleOpener\a378cbf8f3.jpg;bottleOpener;0;0.20151155690525674;14;20;0.03708679300858175
229;data\images\original\bottleOpener\a395db2ae1.jpg;bottleOpener;0;0.2278972893431409;96;271;0.008683926979729722
230;data\images\original\bottleOpener\a3b5425a74.jpg;bottleOpener;0;0.1813750482313778;17;40;0.04357953901860487
231;data\images\original\bottleOpener\a4db28a872.jpg;bottleOpener;0;0.21782351542609857;5;8;0.09201202378875908
232;data\images\original\bottleOpener\a4e0c1acbc.jpg;bottleOpener;0;0.4365482233502538;8;8;0.4267366911804372
233;data\images\original\bottleOpener\a671e89b20.jpg;bottleOpener;0;0.1850000378780041;8;12;0.05398013715563799
234;data\images\original\bottleOpener\a79738a776.jpg;bottleOpener;0;0.2986330729990835;3;10;0.04352337842896961
235;data\images\original\bottleOpener\a90c6b4439.jpg;bottleOpener;0;0.22527472527472528;3;5;0.06112603567327772
236;data\images\original\bottleOpener\aa4c64e339.jpg;bottleOpener;0;0.24519230769230768;7;11;0.06688998807302285
237;data\images\original\bottleOpener\abe82ef07a.jpg;bottleOpener;0;0.40763257306805023;5;89;0.008101259663613383
238;data\images\original\bottleOpener\ac790ee969.jpg;bottleOpener;0;0.2702472115675948;156;428;0.006535345037480932
239;data\images\original\bottleOpener\aca1ac90e8.jpg;bottleOpener;0;0.21311475409836064;30;40;0.04859164788253691
240;data\images\original\bottleOpener\ad34a89918.jpg;bottleOpener;0;0.27610208816705334;17;24;0.0475664907465387
241;data\images\original\bottleOpener\adceac332c.jpg;bottleOpener;0;0.2646630863598511;6;12;0.05136203447649024
242;data\images\original\bottleOpener\aebbed7627.jpg;bottleOpener;0;0.4300599348072008;8;10;0.10106996745393305
243;data\images\original\bottleOpener\af3920e7e6.jpg;bottleOpener;0;0.4403096134887674;137;531;0.004837822831310633
244;data\images\original\bottleOpener\b11a2ecc67.jpg;bottleOpener;0;0.3302325581395349;9;15;0.048811492677358334
245;data\images\original\bottleOpener\b2f0fb2a72.jpg;bottleOpener;0;0.5339239671393565;18;32;0.1488389992775748
246;data\images\original\bottleOpener\b3a6798cae.jpg;bottleOpener;0;0.18443025492148266;21;101;0.019487333914405137
247;data\images\original\bottleOpener\b9005bcbee.jpg;bottleOpener;0;0.34595959595959597;11;16;0.033462729134908144
248;data\images\original\bottleOpener\b939d8f497.jpg;bottleOpener;0;0.4694782385243103;5;43;0.015112244178317944
249;data\images\original\bottleOpener\b9995eb75d.jpg;bottleOpener;0;0.7264133016316772;9;14;0.04023591097620919
250;data\images\original\bottleOpener\bbc42a9154.jpg;bottleOpener;0;0.3037840537837656;29;99;0.009204567083626623
251;data\images\original\bottleOpener\bc0b869aa8.jpg;bottleOpener;0;0.7636363636363637;2;9;0.088996905166646
252;data\images\original\bottleOpener\bca396d4f7.jpg;bottleOpener;0;0.22429906542056074;6;9;0.05061788517929558
253;data\images\original\bottleOpener\bcdce9d7bb.jpg;bottleOpener;0;0.27419660760790426;6;13;125051660081556,00
254;data\images\original\bottleOpener\bcf92abb94.jpg;bottleOpener;0;0.4067592961445381;11;17;0.0680024275972923
255;data\images\original\bottleOpener\bd41edbc30.jpg;bottleOpener;0;0.31369071946855026;5;6;0.1085577932047758
256;data\images\original\bottleOpener\bd62585a6f.jpg;bottleOpener;0;0.5059929652341285;2;7;0.0678991363542025
257;data\images\original\bottleOpener\bdb39c8969.jpg;bottleOpener;0;0.5368539506329585;10;21;0.2011461982031303
258;data\images\original\bottleOpener\be6e10cb8d.jpg;bottleOpener;0;0.29767598667454054;7;13;0.04134414512396967
259;data\images\original\bottleOpener\beb2f6ed83.jpg;bottleOpener;0;0.2788779248900761;5;11;0.05781655253249664
260;data\images\original\bottleOpener\c0cc23fe55.jpg;bottleOpener;0;0.3531392270014266;71;142;0.05854312944572494
261;data\images\original\bottleOpener\c10a62141f.jpg;bottleOpener;0;0.28276684151629916;11;38;0.7762286230641388
262;data\images\original\bottleOpener\c17bfa86f9.jpg;bottleOpener;0;0.42071622622528365;11;69;0.007084701702875544
263;data\images\original\bottleOpener\c29633516a.jpg;bottleOpener;0;0.2785702107840182;23;142;0.01431330336107129
264;data\images\original\bottleOpener\c3f3c474e7.jpg;bottleOpener;0;0.29069767441860467;8;13;0.05403847281048273
265;data\images\original\bottleOpener\c43a4d3cbb.jpg;bottleOpener;0;0.19305783701318796;4;6;0.23013342613560991
266;data\images\original\bottleOpener\c58e54a893.jpg;bottleOpener;0;0.2604810996563574;71;138;0.014304218786883044
267;data\images\original\bottleOpener\c64609479d.jpg;bottleOpener;0;0.3251473826243265;29;166;0.026185475948901853
268;data\images\original\bottleOpener\c6a15a0824.jpg;bottleOpener;0;0.2282304233953051;4;12;0.050954139145950116
269;data\images\original\bottleOpener\c8a5b18d3b.jpg;bottleOpener;0;0.689873417721519;6;72;0.04160977802769153
270;data\images\original\bottleOpener\c8caac53dd.jpg;bottleOpener;0;0.2946501257240894;11;54;0.011629632613059653
271;data\images\original\bottleOpener\c97bed0411.jpg;bottleOpener;0;0.26859504132231404;15;29;0.03252734366638908
272;data\images\original\bottleOpener\c9daf7bc6b.jpg;bottleOpener;0;0.27155374606891614;147;312;0.006515883263357832
273;data\images\original\bottleOpener\cb8c0d7624.jpg;bottleOpener;0;0.2727272727272727;6;7;0.06931643712719487
274;data\images\original\bottleOpener\cbe7e4eb81.jpg;bottleOpener;0;0.49585446179378523;16;32;0.02420107732097297
275;data\images\original\bottleOpener\cd071d5ebd.jpg;bottleOpener;0;0.37220110321677224;8;19;0.03451101145557918
276;data\images\original\bottleOpener\cd84f00415.jpg;bottleOpener;0;0.2707551381621253;4;10;0.06871725175387211
277;data\images\original\bottleOpener\cdccf6efbf.jpg;bottleOpener;0;0.244282032120372;32;106;0.017186346760522584
278;data\images\original\bottleOpener\d197dc54a9.jpg;bottleOpener;0;0.2915951972555746;12;26;0.030521737134987383
279;data\images\original\bottleOpener\d20904b390.jpg;bottleOpener;0;0.26383063058278416;12;12;0.22834237488713602
280;data\images\original\bottleOpener\d21b5472f3.jpg;bottleOpener;0;0.20855614973262032;3;8;0.06499690152345328
281;data\images\original\bottleOpener\d5330adeaa.jpg;bottleOpener;0;0.7609709799936409;21;26;0.017211387838162062
282;data\images\original\bottleOpener\d64ee96746.jpg;bottleOpener;0;0.4824704123781856;8;13;0.32250208848962103
283;data\images\original\bottleOpener\d6f95e46f2.jpg;bottleOpener;0;0.22966507177033493;3;7;0.07761398073168543
284;data\images\original\bottleOpener\d7609c6105.jpg;bottleOpener;0;0.6331635638414884;47;77;0.012289167647987603
285;data\images\original\bottleOpener\d7af4ec939.jpg;bottleOpener;0;0.5303866326609696;72;169;0.025417614443963822
286;data\images\original\bottleOpener\d8669d8e7e.jpg;bottleOpener;0;0.4068002350703198;5;5;0.04917350546246765
287;data\images\original\bottleOpener\d9f2a32ce0.jpg;bottleOpener;0;0.24618200269299859;4;13;0.3830672585734639
288;data\images\original\bottleOpener\da3953f51a.jpg;bottleOpener;0;0.33193968193955997;9;16;0.03862524211786355
289;data\images\original\bottleOpener\dd528671c2.jpg;bottleOpener;0;0.39153784848013456;10;15;0.14607528353985244
290;data\images\original\bottleOpener\ddcf9464d1.jpg;bottleOpener;0;0.26498422712933756;8;13;0.06467624219038605
291;data\images\original\bottleOpener\de98c8453f.jpg;bottleOpener;0;0.26550598476605003;37;86;0.014767392187876403
292;data\images\original\bottleOpener\DSC_2692.JPG;bottleOpener;0;0.7821378468274545;461;839;0.16463508333581833
293;data\images\original\bottleOpener\DSC_2697.JPG;bottleOpener;0;0.7447994094214803;308;571;0.035939657456308775
294;data\images\original\bottleOpener\e0315394ed.jpg;bottleOpener;0;0.3051704351842027;47;149;0.009342908514670682
295;data\images\original\bottleOpener\e0eb48b83e.jpg;bottleOpener;0;0.8355481727574751;5;40;0.05220291254002597
296;data\images\original\bottleOpener\e315c999ac.jpg;bottleOpener;0;0.8883563970788034;215;642;0.009587839127189806
297;data\images\original\bottleOpener\e558b8cc51.jpg;bottleOpener;0;0.436123456622002;4;7;0.05270042809865575
298;data\images\original\bottleOpener\e57359be38.jpg;bottleOpener;0;0.277702819604626;5;8;0.26844959696175225
299;data\images\original\bottleOpener\e7292c26b1.jpg;bottleOpener;0;0.25274825378349736;24;64;0.037566353182702746
300;data\images\original\bottleOpener\e7a8f5bca0.jpg;bottleOpener;0;0.28770509857813537;8;13;0.06362032507546198
301;data\images\original\bottleOpener\eafca7cd3f.jpg;bottleOpener;0;0.2869287991498406;92;124;0.030936610467502065
302;data\images\original\bottleOpener\eb2b5b7629.jpg;bottleOpener;0;0.2821259348656829;50;122;0.01136318939953403
303;data\images\original\bottleOpener\eda21760a6.jpg;bottleOpener;0;0.2681992337164751;5;14;0.05619487963039798
304;data\images\original\bottleOpener\ee881b5f42.jpg;bottleOpener;0;0.486658801435481;392;588;0.022958304841449735
305;data\images\original\bottleOpener\eef63df7b3.jpg;bottleOpener;0;0.25776810551363255;6;7;0.2989765994520073
306;data\images\original\bottleOpener\efb9eb2dcf.jpg;bottleOpener;0;0.8956603502350352;74;119;0.010899681932363861
307;data\images\original\bottleOpener\f083f18623.jpg;bottleOpener;0;0.22972972972972974;3;9;0.048550923046017075
308;data\images\original\bottleOpener\f1aea39b05.jpg;bottleOpener;0;0.23598420987444643;5;8;0.11335816788602783
309;data\images\original\bottleOpener\f317cdb1f6.jpg;bottleOpener;0;0.24548736462093862;5;37;0.025105502599758894
310;data\images\original\bottleOpener\f3df806725.jpg;bottleOpener;0;0.26807563959955505;61;101;0.019936506721599773
311;data\images\original\bottleOpener\f4225dc295.jpg;bottleOpener;0;0.2392676321809691;9;12;0.050322251453155706
312;data\images\original\bottleOpener\f78e25ce8c.jpg;bottleOpener;0;0.2899781549542502;12;23;0.02685944368016876
313;data\images\original\bottleOpener\f8033e4e1b.jpg;bottleOpener;0;0.1951662277781647;4;35;0.023796505843586287
314;data\images\original\bottleOpener\f82196b4c6.jpg;bottleOpener;0;0.5073544632172641;5;17;0.0393491397990352
315;data\images\original\bottleOpener\f855abddb7.jpg;bottleOpener;0;0.26179978487893524;5;15;0.04239236844245469
316;data\images\original\bottleOpener\f869c28c9d.jpg;bottleOpener;0;0.376668457453138;82;124;0.03513753329023292
317;data\images\original\bottleOpener\f93d112775.jpg;bottleOpener;0;0.2846922557764403;6;12;11105284640643200,00
318;data\images\original\bottleOpener\f9444168f8.jpg;bottleOpener;0;0.6345175531001543;15;32;0.20651974426737332
319;data\images\original\bottleOpener\f9967b1eaf.jpg;bottleOpener;0;0.9722589075759491;24;79;0.027013300034858845
320;data\images\original\bottleOpener\fb64f0be96.jpg;bottleOpener;0;0.4938263924644259;6;9;0.05791509099297627
321;data\images\original\bottleOpener\fd2a2ea812.jpg;bottleOpener;0;0.7330263982388159;8;63;0.02965909685063817
322;data\images\original\bottleOpener\fd3692a975.jpg;bottleOpener;0;0.23076923076923078;2;4;0.050532597238415196
323;data\images\original\bottleOpener\fd5211c5c0.jpg;bottleOpener;0;0.4335406013105564;6;10;0.08634665281926147
324;data\images\original\bottleOpener\fef1a27edb.jpg;bottleOpener;0;0.6293719403545359;17;37;0.015325716068834878
325;data\images\original\bottleOpener\IMG_20211031_130215.jpg;bottleOpener;0;0.1619888180640769;75;944;0.2293595730088624
326;data\images\original\bottleOpener\IMG_20211216_135952.jpg;bottleOpener;0;0.17301836832253684;87;1623;0.9873206031595184
327;data\images\original\bottleOpener\IMG_20211220_181258.jpg;bottleOpener;0;0.03435520275907691;120;184;0.2044076613162538
328;data\images\original\bottleOpener\IMG_20211220_181343.jpg;bottleOpener;0;0.9792632615468798;405;557;0.005881623397179583
329;data\images\original\bottleOpener\IMG_20211220_182130.jpg;bottleOpener;0;0.5438619929887674;159;4133;0.009036907094273683
330;data\images\original\bottleOpener\IMG_20211220_185328.jpg;bottleOpener;0;0.5123335756614658;204;286;0.10008239053545644
331;data\images\original\bottleOpener\IMG_20211220_193030449.jpg;bottleOpener;0;0.6330181553754384;108;5017;0.2063596316688632
332;data\images\original\bottleOpener\IMG_20211220_193056884.jpg;bottleOpener;0;0.31725743122702454;205;5137;0.1416924539177368
333;data\images\original\bottleOpener\IMG_20211220_193107370.jpg;bottleOpener;0;0.7630939681899614;1843;6763;0.11204588786881102
334;data\images\original\bottleOpener\IMG_20211220_193120114.jpg;bottleOpener;0;0.754601226993865;42;2111;0.06648365994609136
335;data\images\original\bottleOpener\IMG_20211220_193133409.jpg;bottleOpener;0;0.4758034517199092;2443;5989;0.49941074248783046
336;data\images\original\bottleOpener\IMG_20211220_193303091.jpg;bottleOpener;0;0.7653822981881399;85;2948;0.07454992715071752
337;data\images\original\bottleOpener\IMG_20211220_193510786.jpg;bottleOpener;0;0.6335373625824392;27;3052;0.011018724499907396
338;data\images\original\bottleOpener\IMG_20211220_193522586.jpg;bottleOpener;0;0.91792730127132;76;3096;0.0070748301530515305
339;data\images\original\bottleOpener\IMG_20211220_212816.jpg;bottleOpener;0;0.7033323010062278;662;1089;0.011540107482358827
340;data\images\original\bottleOpener\signal-2021-12-20-181457_003.jpeg;bottleOpener;0;0.10769312817282994;4;17;0.47740623344042976
341;data\images\original\bottleOpener\signal-2021-12-20-181457_004.jpeg;bottleOpener;0;0.11426207461592357;16;30;13139044107238400,00
342;data\images\original\bottleOpener\signal-2021-12-20-182002_003.jpeg;bottleOpener;0;0.7841409691629956;43;126;0.021378670607002093
343;data\images\original\bottleOpener\signal-2021-12-20-182002_005.jpeg;bottleOpener;0;0.487856606438423;49;110;0.05460528315858674
344;data\images\original\bottleOpener\signal-2021-12-20-182002_006.jpeg;bottleOpener;0;0.7080006905395497;31;102;0.1586546958655759
345;data\images\original\bottleOpener\signal-2021-12-20-182002_007.jpeg;bottleOpener;0;0.8005952380952381;18;90;0.01638469310659381
346;data\images\original\bottleOpener\signal-2021-12-20-184847.jpeg;bottleOpener;0;0.4936392026477609;71;192;0.011061937968761117
347;data\images\original\bottleOpener\signal-2021-12-20-225501_003.jpeg;bottleOpener;0;0.4778119024215172;139;179;0.01762679413116383
348;data\images\original\bottleOpener\signal-2021-12-20-234204_001.jpeg;bottleOpener;0;0.9724943614329432;112;328;0.04400537769941178
349;data\images\original\bottleOpener\signal-2021-12-21-091049.jpeg;bottleOpener;0;0.6346036710588236;54;101;0.035988425471981875
350;data\images\original\bottleOpener\signal-2021-12-21-095121_002.jpeg;bottleOpener;0;0.6303233369314628;144;364;0.015709067038451867
351;data\images\original\canOpener\00f060de9a.jpg;canOpener;1;0.286365177661648;24;192;0.010126138286606015
352;data\images\original\canOpener\035324da38.jpg;canOpener;1;0.43833558769346886;15;20;0.05912781024276797
353;data\images\original\canOpener\038d834225.jpg;canOpener;1;0.36764698980579974;17;22;0.05422145169239943
354;data\images\original\canOpener\03d8ef6316.jpg;canOpener;1;0.48619750093331393;13;16;0.07069079838503725
355;data\images\original\canOpener\043c727273.jpg;canOpener;1;0.45535714285714285;8;8;0.08878374622276003
356;data\images\original\canOpener\05a23202b6.jpg;canOpener;1;0.3245865553640606;42;129;0.009934487437343646
357;data\images\original\canOpener\0683add5be.jpg;canOpener;1;0.49643648254690376;15;56;0.036196252084978724
358;data\images\original\canOpener\06dc1fea9f.jpg;canOpener;1;0.4104706569623748;16;31;0.04317955528529894
359;data\images\original\canOpener\07855dd2c4.jpg;canOpener;1;0.44224070948862276;29;56;0.008223487918544818
360;data\images\original\canOpener\08b9574148.jpg;canOpener;1;0.44161405399887427;9;12;0.07875373464435755
361;data\images\original\canOpener\09ec4b8cc5.jpg;canOpener;1;0.20467954863924276;7;7;0.05606651281269075
362;data\images\original\canOpener\0abbd08fc3.jpg;canOpener;1;0.28485013418355226;16;21;0.07547026027971665
363;data\images\original\canOpener\0fb51c07a9.jpg;canOpener;1;0.29235415620117583;16;24;0.09073337670603038
364;data\images\original\canOpener\12ca787bab.jpg;canOpener;1;0.590982901644008;48;118;0.004618621305286195
365;data\images\original\canOpener\133657061d.jpg;canOpener;1;0.5403164589623636;8;8;0.38076090915228733
366;data\images\original\canOpener\13a8780585.jpg;canOpener;1;0.24042267697613073;17;36;0.04905460799870953
367;data\images\original\canOpener\1611995d0d.jpg;canOpener;1;0.5352151767447237;10;15;0.05088755289967024
368;data\images\original\canOpener\163550fe18.jpg;canOpener;1;0.42184958182961363;24;70;0.024409514664557846
369;data\images\original\canOpener\164cda5887.jpg;canOpener;1;0.39262561167208976;11;16;0.06440068928689247
370;data\images\original\canOpener\181b8c8cdf.jpg;canOpener;1;0.3899733494493046;33;64;0.043509801728358964
371;data\images\original\canOpener\1993ffdb5b.jpg;canOpener;1;0.5522775586323684;26;50;0.03365569441731888
372;data\images\original\canOpener\1c1c3b5042.jpg;canOpener;1;0.34985274055879295;8;9;0.12973234146518975
373;data\images\original\canOpener\1e690ae408.jpg;canOpener;1;0.3770861926622007;11;29;0.5241599860475331
374;data\images\original\canOpener\2211664b78.jpg;canOpener;1;0.6379226645596126;10;20;0.08939984186037918
375;data\images\original\canOpener\2268d50380.jpg;canOpener;1;0.3149549798154317;4;15;0.16090852999273098
376;data\images\original\canOpener\240c5b5744.jpg;canOpener;1;0.3465477894968261;8;12;0.14439887739231994
377;data\images\original\canOpener\249ac4aa72.jpg;canOpener;1;0.3813824670942498;12;19;0.055230120698165366
378;data\images\original\canOpener\24bdc4c1ec.jpg;canOpener;1;0.2869346856554979;12;24;0.05496382558258215
379;data\images\original\canOpener\24f07cb6a4.jpg;canOpener;1;0.4024316482371584;9;15;0.06945566989153827
380;data\images\original\canOpener\258a55d52c.jpg;canOpener;1;0.41390031888649875;12;25;0.12674165088404588
381;data\images\original\canOpener\26c075b760.jpg;canOpener;1;0.3639029441179925;71;132;0.019584504302592926
382;data\images\original\canOpener\29f2cfa4a4.jpg;canOpener;1;0.621532852945356;30;74;0.18387276368305022
383;data\images\original\canOpener\2b283cf941.jpg;canOpener;1;0.37992587502309305;4;10;0.07520882905728332
384;data\images\original\canOpener\2d7fdf0775.jpg;canOpener;1;0.6131697326741459;12;19;0.08868885158347412
385;data\images\original\canOpener\2ecaf1f248.jpg;canOpener;1;0.45485767411223904;12;32;0.04702703273863461
386;data\images\original\canOpener\2ece244585.jpg;canOpener;1;0.2917248208579875;53;126;0.02555993534983573
387;data\images\original\canOpener\2f5c1716c9.jpg;canOpener;1;0.27637130801687765;37;41;0.024799933333927802
388;data\images\original\canOpener\309d7ebb28.jpg;canOpener;1;0.32138344311614214;12;18;0.06845726162268538
389;data\images\original\canOpener\35d07d9fb4.jpg;canOpener;1;0.3570673200691948;65;136;0.0203800352663501
390;data\images\original\canOpener\36a6585724.jpg;canOpener;1;0.2342075337744961;47;132;0.02961152593677363
391;data\images\original\canOpener\3a090182f2.jpg;canOpener;1;0.43124794946728123;21;45;0.03404330529504898
392;data\images\original\canOpener\3ab5fb573e.jpg;canOpener;1;0.4683637465606026;9;18;0.10095201267783606
393;data\images\original\canOpener\3bfd46aae0.jpg;canOpener;1;0.6329824471376637;21;41;0.02210027975724392
394;data\images\original\canOpener\3d088056c0.jpg;canOpener;1;0.4104706569623748;16;31;0.04318142886936963
395;data\images\original\canOpener\3d5e271cdb.jpg;canOpener;1;0.9896060226123269;15;22;0.049887783861971166
396;data\images\original\canOpener\3dda184d92.jpg;canOpener;1;0.8664715443459252;13;23;0.036679727162521006
397;data\images\original\canOpener\3eefb28957.jpg;canOpener;1;0.38626500298182354;11;28;0.03792590437514397
398;data\images\original\canOpener\4288f3b922.jpg;canOpener;1;0.4045623563146773;8;13;0.11492366081667088
399;data\images\original\canOpener\42ec8ad7a1.jpg;canOpener;1;0.7290480759691208;11;15;0.07599043551557723
400;data\images\original\canOpener\42ede5b4f3.jpg;canOpener;1;0.4252774645639525;21;143;0.011844496941065529
401;data\images\original\canOpener\442aaf4f74.jpg;canOpener;1;0.2895483143880038;79;154;0.014802422505791602
402;data\images\original\canOpener\44b6bda274.jpg;canOpener;1;0.4882825020442671;7;12;0.08443833854757546
403;data\images\original\canOpener\4528facb3a.jpg;canOpener;1;0.4428140378274538;12;14;0.07657644411250776
404;data\images\original\canOpener\46a508f0bd.jpg;canOpener;1;0.2759861802984255;18;24;0.05072362004128063
405;data\images\original\canOpener\499e9fb347.jpg;canOpener;1;0.9882686075718697;53;78;0.02233948716810173
406;data\images\original\canOpener\4b4c34f3e7.jpg;canOpener;1;0.45535438986897603;6;11;0.04694873144767201
407;data\images\original\canOpener\4b6099ea2b.jpg;canOpener;1;0.3554991195693096;12;22;0.05977432214493246
408;data\images\original\canOpener\4b8ac61913.jpg;canOpener;1;0.27574473023069723;6;7;0.08846772796945546
409;data\images\original\canOpener\4c2a4608f7.jpg;canOpener;1;0.30429888696100293;7;8;0.18964511611144097
410;data\images\original\canOpener\4d264cb75d.jpg;canOpener;1;0.24922151924591776;4;8;0.1075260327232058
411;data\images\original\canOpener\4d3f01a64d.jpg;canOpener;1;0.5252063660439361;9;12;0.07431757598142068
412;data\images\original\canOpener\4e81b917a8.jpg;canOpener;1;0.3228477592488016;14;43;0.03175930398560122
413;data\images\original\canOpener\50f893ca7e.jpg;canOpener;1;0.3992290324371957;280;888;0.0066998044227065045
414;data\images\original\canOpener\53aba8c819.jpg;canOpener;1;0.3454216543304917;48;76;0.04210749071795916
415;data\images\original\canOpener\53f50e9e08.jpg;canOpener;1;0.44561497302986647;109;239;0.014599074815601585
416;data\images\original\canOpener\55fa3cbdb2.jpg;canOpener;1;0.3946194915403671;16;109;0.0146524866432536
417;data\images\original\canOpener\57af6c1f70.jpg;canOpener;1;0.3388512804932105;16;32;0.029000056708142416
418;data\images\original\canOpener\59d4170095.jpg;canOpener;1;0.6363179805061716;28;58;0.04078595780518023
419;data\images\original\canOpener\59e0f062ee.jpg;canOpener;1;0.5031619594213154;138;153;0.26262835513866684
420;data\images\original\canOpener\5a36d1a76d.jpg;canOpener;1;0.6241433462502569;35;44;0.03647349844398979
421;data\images\original\canOpener\5ac89a56ad.jpg;canOpener;1;0.4699463866396438;10;23;0.1905677493160553
422;data\images\original\canOpener\5b7a773152.jpg;canOpener;1;0.7378092372336745;16;25;0.044334279962554964
423;data\images\original\canOpener\5c4240a974.jpg;canOpener;1;0.3915378484801346;5;13;0.061047035365223316
424;data\images\original\canOpener\5cbb276397.jpg;canOpener;1;0.8934797972283465;7;11;0.10274154479285555
425;data\images\original\canOpener\5dad68c130.jpg;canOpener;1;0.5036702900110613;77;127;0.017357899937002822
426;data\images\original\canOpener\5df34d7f10.jpg;canOpener;1;0.35447131526385506;4;6;0.6678540608988687
427;data\images\original\canOpener\5e2197aaee.jpg;canOpener;1;0.5301429758589221;10;21;0.08185818106432277
428;data\images\original\canOpener\5f43b252e2.jpg;canOpener;1;0.3023610394684718;4;10;0.10143072248288953
429;data\images\original\canOpener\63c5fa0070.jpg;canOpener;1;0.7412780028505394;14;19;0.05010955426081036
430;data\images\original\canOpener\6561b5231a.jpg;canOpener;1;0.6164141529600206;8;21;0.044678852077474636
431;data\images\original\canOpener\657ebc5ee9.jpg;canOpener;1;0.6216246010108913;6;10;0.06333202948178145
432;data\images\original\canOpener\66735169a1.jpg;canOpener;1;0.4464039852855557;42;87;0.027921371227267476
433;data\images\original\canOpener\6815d52039.jpg;canOpener;1;0.29294312371262066;10;14;0.09124740617429225
434;data\images\original\canOpener\689191f7d5.jpg;canOpener;1;0.3644811609546594;10;15;0.08060163263006521
435;data\images\original\canOpener\6bee7bb884.jpg;canOpener;1;0.2878347105658822;12;17;0.09748305760361768
436;data\images\original\canOpener\6c51439511.jpg;canOpener;1;0.24844717537209848;28;86;0.01787144644956832
437;data\images\original\canOpener\6dc7d6b2e1.jpg;canOpener;1;0.4212962962962963;8;13;0.0726081500368147
438;data\images\original\canOpener\6dcf4bae99.jpg;canOpener;1;0.3341830114484097;19;34;0.0328802134945785
439;data\images\original\canOpener\6e9b7b8f61.jpg;canOpener;1;0.4502471657690956;28;177;13719454787261700,00
440;data\images\original\canOpener\722a59776e.jpg;canOpener;1;0.46912738705516294;6;10;0.06282202365585064
441;data\images\original\canOpener\73ad587974.jpg;canOpener;1;0.6254202127193175;11;12;0.0938057081921877
442;data\images\original\canOpener\75cd157d32.jpg;canOpener;1;0.42628062945455936;26;47;0.05053050061040085
443;data\images\original\canOpener\75edca2a39.jpg;canOpener;1;0.5181663306725267;74;203;0.01491927086908831
444;data\images\original\canOpener\764cb48d37.jpg;canOpener;1;0.7973391991124473;6;11;0.044631288853051634
445;data\images\original\canOpener\76c86072a8.jpg;canOpener;1;0.4172691441766913;14;25;0.029687276064305886
446;data\images\original\canOpener\7aa5787fcf.jpg;canOpener;1;0.25953223643909146;4;10;0.07053992467989136
447;data\images\original\canOpener\7c2d291ee3.jpg;canOpener;1;0.29805706481386524;19;30;0.11769983945389982
448;data\images\original\canOpener\7c68d4c1d5.jpg;canOpener;1;0.40379356369057146;10;30;0.03974675491651759
449;data\images\original\canOpener\7e973d774c.jpg;canOpener;1;0.48789905633423386;9;10;0.0812045233912414
450;data\images\original\canOpener\7f56c6a573.jpg;canOpener;1;0.4875115939870432;7;11;0.10548848079998771
451;data\images\original\canOpener\83866f64b8.jpg;canOpener;1;0.2785234899328859;9;15;0.06005301612036866
452;data\images\original\canOpener\8401ae8ee2.jpg;canOpener;1;0.44546766748966743;11;20;0.06863844918944914
453;data\images\original\canOpener\84a3099f8b.jpg;canOpener;1;0.4225841151665525;31;47;0.029880664157457555
454;data\images\original\canOpener\8506f280f4.jpg;canOpener;1;0.3202835298727599;6;10;0.054582047673755234
455;data\images\original\canOpener\858aa6414f.jpg;canOpener;1;0.9956827095313545;22;64;0.038872529903891444
456;data\images\original\canOpener\879ca2fb66.jpg;canOpener;1;0.46650693983460256;11;18;0.036940465464781594
457;data\images\original\canOpener\87ca5ae8d9.jpg;canOpener;1;0.5188659942027263;30;69;0.027965657239704084
458;data\images\original\canOpener\88a8f5b89f.jpg;canOpener;1;0.4318181818181818;6;8;0.08483719037329228
459;data\images\original\canOpener\8931866a1e.jpg;canOpener;1;0.33433141253699494;7;13;0.04836981367248999
460;data\images\original\canOpener\8c0c2e3052.jpg;canOpener;1;0.3214535980056624;37;71;0.01612136145535481
461;data\images\original\canOpener\8d545a1060.jpg;canOpener;1;0.3426337432258742;8;8;0.09568940160645924
462;data\images\original\canOpener\8e1d7a4426.jpg;canOpener;1;0.38850741278375656;4;7;0.09421618334466005
463;data\images\original\canOpener\9124ad3876.jpg;canOpener;1;0.4850734261208853;11;20;0.0719239621589775
464;data\images\original\canOpener\918e11379d.jpg;canOpener;1;0.38655772497915225;17;30;0.044985644842688265
465;data\images\original\canOpener\9195d3f793.jpg;canOpener;1;0.741280632557791;38;75;0.020232570550978542
466;data\images\original\canOpener\9299c237fe.jpg;canOpener;1;0.6207422237508242;49;159;0.008127216787769887
467;data\images\original\canOpener\9321f758d2.jpg;canOpener;1;0.5303137995219582;44;67;0.02631487786068506
468;data\images\original\canOpener\95c59a14c0.jpg;canOpener;1;0.32722150089097024;8;18;0.05422593507660585
469;data\images\original\canOpener\95cd7a64e4.jpg;canOpener;1;0.6405441378323774;10;14;0.08406069494518215
470;data\images\original\canOpener\962d81560b.jpg;canOpener;1;0.13653996628519577;12;17;0.2703628138718291
471;data\images\original\canOpener\96e4c01ac6.jpg;canOpener;1;0.4289295527325122;9;18;0.3914823115622896
472;data\images\original\canOpener\985c270ed6.jpg;canOpener;1;0.4865748447509099;10;24;0.0568544140329176
473;data\images\original\canOpener\99edacb058.jpg;canOpener;1;0.4227342419523931;13;23;0.1495040608346364
474;data\images\original\canOpener\9a5ce53426.jpg;canOpener;1;0.28925672273428626;6;13;0.052994590257833527
475;data\images\original\canOpener\9aafc292e7.jpg;canOpener;1;0.37872134773668664;16;21;0.06565800087642107
476;data\images\original\canOpener\9b0601b879.jpg;canOpener;1;0.3784700876674358;27;132;0.0163391706636127
477;data\images\original\canOpener\9e6eed1c88.jpg;canOpener;1;0.446749302481654;23;27;0.03466177407951572
478;data\images\original\canOpener\a2292642d0.jpg;canOpener;1;0.38057171566851655;75;217;0.0126580018943426
479;data\images\original\canOpener\a2c23dfbff.jpg;canOpener;1;0.2687421738332651;53;87;0.021585721058111604
480;data\images\original\canOpener\a2e2990e90.jpg;canOpener;1;0.3181437055889464;327;623;0.020463785299345328
481;data\images\original\canOpener\a453616058.jpg;canOpener;1;0.43202668890742285;59;130;0.12748483141616493
482;data\images\original\canOpener\a9024fd276.jpg;canOpener;1;0.5011763114502692;14;24;0.049679503223786475
483;data\images\original\canOpener\a97e19bb07.jpg;canOpener;1;0.3633241674485884;8;9;0.05648923925082621
484;data\images\original\canOpener\aa24a7be40.jpg;canOpener;1;0.2833735158451817;21;116;0.011009422122680858
485;data\images\original\canOpener\ab2135d16e.jpg;canOpener;1;0.45329531774460424;10;21;0.02218772205405517
486;data\images\original\canOpener\ac4fbba549.jpg;canOpener;1;0.4021410691078494;14;22;0.05907795288226892
487;data\images\original\canOpener\b0739834db.jpg;canOpener;1;0.4695149148358118;9;15;0.07352359232510619
488;data\images\original\canOpener\b0916d0b8f.jpg;canOpener;1;0.5772585375433699;41;68;0.020535337115491114
489;data\images\original\canOpener\b5495b7f4c.jpg;canOpener;1;0.45431992874943894;7;14;0.03533009840003865
490;data\images\original\canOpener\b57c7159c8.jpg;canOpener;1;0.24494437787974954;8;15;0.1024788127225988
491;data\images\original\canOpener\b5b2de6e4c.jpg;canOpener;1;0.28047614891324546;7;8;0.17097829413319182
492;data\images\original\canOpener\b6f7045872.jpg;canOpener;1;0.5437576251868156;8;11;0.09272684026884552
493;data\images\original\canOpener\b8ee4aa44c.jpg;canOpener;1;0.25554773400531744;5;9;0.06995108140262357
494;data\images\original\canOpener\ba37932b76.jpg;canOpener;1;0.23393683281159763;6;9;0.5742698314169333
495;data\images\original\canOpener\bb1e611b79.jpg;canOpener;1;0.6185062111199946;8;40;0.024493655021594958
496;data\images\original\canOpener\bbeed4c18b.jpg;canOpener;1;0.4205693910839958;9;10;0.03634928317568153
497;data\images\original\canOpener\bd0c2b0a71.jpg;canOpener;1;0.3646081360964723;14;20;0.08575844026281662
498;data\images\original\canOpener\befeb35d04.jpg;canOpener;1;0.3443388037867064;4;7;0.12511402856022708
499;data\images\original\canOpener\c06c8f4b99.jpg;canOpener;1;0.9966918711728543;9;14;0.0669092639733183
500;data\images\original\canOpener\c0b8976090.jpg;canOpener;1;0.391012613550797;96;325;0.008398891960678107
501;data\images\original\canOpener\c255d01da5.jpg;canOpener;1;0.42054394210479673;9;15;0.057608614039440856
502;data\images\original\canOpener\c336f7115d.jpg;canOpener;1;0.34981436461093784;37;66;0.03949999360445709
503;data\images\original\canOpener\c419ba851f.jpg;canOpener;1;0.4056603773584906;7;8;0.053063087293682094
504;data\images\original\canOpener\c7b6831eb2.jpg;canOpener;1;0.2824858757062147;6;8;0.06458796840560085
505;data\images\original\canOpener\c95a9e8334.jpg;canOpener;1;0.38049657493059463;37;62;0.04258531777192873
506;data\images\original\canOpener\cc93cb5931.jpg;canOpener;1;0.5;9;12;0.10444860068590896
507;data\images\original\canOpener\ce30384124.jpg;canOpener;1;0.38256193846881364;5;14;0.06534207029095151
508;data\images\original\canOpener\ce87fb89f2.jpg;canOpener;1;0.610368366884808;41;95;0.021330978283326033
509;data\images\original\canOpener\d4123ca4be.jpg;canOpener;1;0.3616166576954709;65;226;0.28608681762558136
510;data\images\original\canOpener\d487040b80.jpg;canOpener;1;0.49039443033797003;41;68;0.029868888905529557
511;data\images\original\canOpener\d49e98cbaf.jpg;canOpener;1;0.289346895555517;20;36;0.03918613315622974
512;data\images\original\canOpener\d9733a3fc9.jpg;canOpener;1;0.29094311657597055;6;8;0.10341685490006652
513;data\images\original\canOpener\db785f9141.jpg;canOpener;1;0.4059214129829609;19;32;0.07553100405816401
514;data\images\original\canOpener\db859e467a.jpg;canOpener;1;0.35634464489384127;9;15;0.07232457219493552
515;data\images\original\canOpener\dcd9b3e693.jpg;canOpener;1;0.434878587196468;20;25;0.03359243691622411
516;data\images\original\canOpener\dcde2a1517.jpg;canOpener;1;0.8209790810347039;8;10;0.11382877241547036
517;data\images\original\canOpener\e077afdb63.jpg;canOpener;1;0.4909932868594788;7;10;0.09665443154856981
518;data\images\original\canOpener\e07eab991d.jpg;canOpener;1;0.37501458159164874;8;10;0.09090565307490882
519;data\images\original\canOpener\e5b571af1a.jpg;canOpener;1;0.2715582674444835;5;29;0.022305729154848297
520;data\images\original\canOpener\e6c544c5bd.jpg;canOpener;1;0.48774824277000994;19;46;0.03265821329732125
521;data\images\original\canOpener\e6e46a23ca.jpg;canOpener;1;0.37748159603785403;27;43;0.03404033617362866
522;data\images\original\canOpener\e7b0497ff7.jpg;canOpener;1;0.5387025211846824;11;13;0.13631580644471336
523;data\images\original\canOpener\e8ee171aea.jpg;canOpener;1;0.6815446005921761;6;10;0.19820873122272697
524;data\images\original\canOpener\eb125ba602.jpg;canOpener;1;0.30683117322053116;4;6;0.20997392677777962
525;data\images\original\canOpener\ef5d891c6c.jpg;canOpener;1;0.20489050299126332;6;6;0.09153411806036428
526;data\images\original\canOpener\f068da08dc.jpg;canOpener;1;0.3413730943748274;19;36;0.09066360042085672
527;data\images\original\canOpener\f16dae72c3.jpg;canOpener;1;0.4444349517235804;25;52;0.025175786811335595
528;data\images\original\canOpener\f4586f2428.jpg;canOpener;1;0.6236148859306071;6;10;0.09809628844882418
529;data\images\original\canOpener\f4aea142ee.jpg;canOpener;1;0.4532420083754119;23;32;0.03929404960263325
530;data\images\original\canOpener\f4c25bc6d6.jpg;canOpener;1;0.45773512870825;9;38;0.15790720512196896
531;data\images\original\canOpener\f5b735a8b7.jpg;canOpener;1;0.424746761783461;6;9;0.11282055617467454
532;data\images\original\canOpener\f7ad71e721.jpg;canOpener;1;0.3434431039558278;8;12;0.0715925587276555
533;data\images\original\canOpener\f9a195e0c6.jpg;canOpener;1;0.6868444797150599;9;10;0.09967946875721326
534;data\images\original\canOpener\fbca021201.jpg;canOpener;1;0.13637669348000186;12;21;0.35553428383917274
535;data\images\original\canOpener\ff255f4484.jpg;canOpener;1;0.51835156330692;153;303;0.012181675288345992
536;data\images\original\canOpener\IMG_20211031_130157.jpg;canOpener;1;0.43587221448681096;59;230;0.6646983463831241
537;data\images\original\canOpener\IMG_20211031_130208.jpg;canOpener;1;0.3364106570375367;53;292;0.026698707161812503
538;data\images\original\canOpener\IMG_20211220_182145.jpg;canOpener;1;0.5329260013577732;327;1462;0.20792118891164957
539;data\images\original\canOpener\IMG_20211220_185413.jpg;canOpener;1;0.3164484458286088;265;373;0.18013113851196477
540;data\images\original\canOpener\IMG_20211220_185418.jpg;canOpener;1;0.506807260274658;154;299;0.08443184989806313
541;data\images\original\canOpener\IMG_20211220_193233975.jpg;canOpener;1;0.4883997940167361;57;2577;0.3851172889253486
542;data\images\original\canOpener\IMG_20211220_193243584.jpg;canOpener;1;0.4198895027624309;1205;6074;0.08734525165378569
543;data\images\original\canOpener\IMG_20211220_193425869.jpg;canOpener;1;0.7104940179539517;35;2014;0.08826283319052991
544;data\images\original\canOpener\IMG_20211220_193443678.jpg;canOpener;1;0.37051575232567757;1683;6638;0.559914816947145
545;data\images\original\canOpener\IMG_20211220_212836.jpg;canOpener;1;0.4016110519651837;365;968;0.008132405287848617
546;data\images\original\canOpener\IMG_20211221_121910.jpg;canOpener;1;0.6107459456104277;87;326;0.11913215056818946
547;data\images\original\canOpener\signal-2021-12-20-181457_002.jpeg;canOpener;1;0.4163901365766011;39;93;1013127443338250,00
548;data\images\original\canOpener\signal-2021-12-20-182002_008.jpeg;canOpener;1;0.2539923237542712;51;106;0.009328114484629042
549;data\images\original\canOpener\signal-2021-12-20-182002_009.jpeg;canOpener;1;0.2624943014046299;33;72;0.0093924545895945
550;data\images\original\canOpener\signal-2021-12-20-182556.jpeg;canOpener;1;0.03464203233256351;52;157;0.2689821398688476
551;data\images\original\canOpener\signal-2021-12-20-234204_003.jpeg;canOpener;1;0.034029661184826025;50;171;0.9967395995671933
552;data\images\original\canOpener\signal-2021-12-21-091943_002.jpeg;canOpener;1;0.613923292232521;39;130;0.3079786599152539
553;data\images\original\canOpener\signal-2021-12-21-095121_003.jpeg;canOpener;1;0.1852250952178506;71;207;0.8860327042958933
554;data\images\original\corcScrew\0485e3df59.jpg;corcScrew;2;0.6824314506220162;29;46;0.05289669493795705
555;data\images\original\corcScrew\04f5c9abcb.jpg;corcScrew;2;0.44318641232893813;27;65;0.01804791571918393
556;data\images\original\corcScrew\0626facf13.jpg;corcScrew;2;0.8842071874402371;64;206;0.015173797080381505
557;data\images\original\corcScrew\07508f7cdd.jpg;corcScrew;2;0.8421052631578947;14;16;0.10063990078841095
558;data\images\original\corcScrew\083134c310.jpg;corcScrew;2;0.6831769441776419;20;39;0.13653194009708697
559;data\images\original\corcScrew\08bb00caad.jpg;corcScrew;2;0.6898940587315411;8;8;0.1271312896196594
560;data\images\original\corcScrew\098265f52a.jpg;corcScrew;2;0.6713705186962535;28;38;0.050594572411007295
561;data\images\original\corcScrew\1576d08e33.jpg;corcScrew;2;0.49188311688311687;12;33;0.034768813553036106
562;data\images\original\corcScrew\17268513be.jpg;corcScrew;2;0.3661909575022685;7;9;0.06933857761355222
563;data\images\original\corcScrew\17b2760ec7.jpg;corcScrew;2;0.3650138213113484;19;39;0.03432954544560256
564;data\images\original\corcScrew\1944161646.jpg;corcScrew;2;0.8894952959212575;44;105;0.018136988982678137
565;data\images\original\corcScrew\1960091c73.jpg;corcScrew;2;0.6961512874185202;50;59;0.04483369197564865
566;data\images\original\corcScrew\19a81b5fe3.jpg;corcScrew;2;0.48598130841121495;9;10;0.09997282101103097
567;data\images\original\corcScrew\1b4c7dae21.jpg;corcScrew;2;0.2600896860986547;9;9;0.39885633063121084
568;data\images\original\corcScrew\20211220_191257.jpg;corcScrew;2;0.44488910237055945;21;102;15172564985176100,00
569;data\images\original\corcScrew\20211220_212106.jpg;corcScrew;2;0.20040079155327786;39;387;0.12983628603831696
570;data\images\original\corcScrew\20211224_114143.jpg;corcScrew;2;0.4412470023980815;181;422;0.03556868403054357
571;data\images\original\corcScrew\20211224_114156.jpg;corcScrew;2;0.1582981102152124;143;3707;0.85321500539523
572;data\images\original\corcScrew\21536579e0.jpg;corcScrew;2;0.6627096097790461;3;7;0.13483465508214162
573;data\images\original\corcScrew\22d6b1d7e6.jpg;corcScrew;2;0.9953834282326908;14;16;0.19211997447631948
574;data\images\original\corcScrew\230fcda038.jpg;corcScrew;2;0.6185021319310569;81;116;0.078960489981542
575;data\images\original\corcScrew\23fe1fa185.jpg;corcScrew;2;0.9201549067408913;7;12;0.08894971593603808
576;data\images\original\corcScrew\257ab44050.jpg;corcScrew;2;0.8022588135628487;6;11;0.16939475671678636
577;data\images\original\corcScrew\2789cc6073.jpg;corcScrew;2;0.9431913099226145;9;13;0.08423667288473308
578;data\images\original\corcScrew\27a43c7d72.jpg;corcScrew;2;0.5205479452054794;15;15;0.06401152904369162
579;data\images\original\corcScrew\27ce392699.jpg;corcScrew;2;0.3328;30;46;0.0440708250795841
580;data\images\original\corcScrew\2bca52591b.jpg;corcScrew;2;0.3380356448305079;31;63;0.1403431965300134
581;data\images\original\corcScrew\3102fdfe6e.jpg;corcScrew;2;0.7963636363636364;8;15;0.07868529141961257
582;data\images\original\corcScrew\3539276c0c.jpg;corcScrew;2;0.5551314579221337;28;44;0.6673372042755139
583;data\images\original\corcScrew\3ac2a9d7fc.jpg;corcScrew;2;0.5959185568707793;65;82;0.034294171314332114
584;data\images\original\corcScrew\3ae65ee232.jpg;corcScrew;2;0.29668567572876076;28;43;0.02211356956019353
585;data\images\original\corcScrew\3cfca879f8.jpg;corcScrew;2;0.40017905102954343;62;109;0.3437689735018929
586;data\images\original\corcScrew\3dbd867820.jpg;corcScrew;2;0.782258064516129;5;6;0.16660697546329087
587;data\images\original\corcScrew\3efc6feb05.jpg;corcScrew;2;0.175;9;11;0.034276842401588306
588;data\images\original\corcScrew\41e022f073.jpg;corcScrew;2;0.6304597829989166;9;35;0.041379142700911954
589;data\images\original\corcScrew\41f588e9b7.jpg;corcScrew;2;0.4519230769230769;11;16;0.07919922864792077
590;data\images\original\corcScrew\443451d60a.jpg;corcScrew;2;0.13027845970927113;15;20;0.09025993310891776
591;data\images\original\corcScrew\4571b2df0b.jpg;corcScrew;2;0.9927927927927928;22;24;0.041567889011213034
592;data\images\original\corcScrew\45a226492a.jpg;corcScrew;2;0.35199339743882746;368;515;0.04811308414994688
593;data\images\original\corcScrew\467216d177.jpg;corcScrew;2;0.14709944716389958;4;5;0.22051200483484157
594;data\images\original\corcScrew\4b22570aa2.jpg;corcScrew;2;0.4670871529553525;18;38;0.06020027464568788
595;data\images\original\corcScrew\4b6e3aa7a6.jpg;corcScrew;2;0.6161478229517032;71;142;0.02152162353576953
596;data\images\original\corcScrew\4e36fd22ac.jpg;corcScrew;2;0.9355697523617655;129;177;0.05319952769674686
597;data\images\original\corcScrew\5120d4fcd4.jpg;corcScrew;2;0.7356948228882834;8;16;0.09710395667115344
598;data\images\original\corcScrew\53f9ee7fec.jpg;corcScrew;2;0.7488744372186094;29;65;0.002382073471693931
599;data\images\original\corcScrew\58df75a72e.jpg;corcScrew;2;0.22627737226277372;14;31;0.052418664491258926
600;data\images\original\corcScrew\59d64d7815.jpg;corcScrew;2;0.6310237350672351;55;137;0.020536802851821908
601;data\images\original\corcScrew\62e32b4317.jpg;corcScrew;2;0.4669811320754717;9;10;0.09431755466887709
602;data\images\original\corcScrew\68ca65ff68.jpg;corcScrew;2;0.8971211837258025;7;10;0.12094920999570162
603;data\images\original\corcScrew\6d83392a91.jpg;corcScrew;2;0.4091224764304346;57;118;0.017092445719146355
604;data\images\original\corcScrew\72bed2070d.jpg;corcScrew;2;0.9899497487437185;10;11;0.020115881846609278
605;data\images\original\corcScrew\745b04929c.jpg;corcScrew;2;0.37814395764592873;29;86;0.15648775393931444
606;data\images\original\corcScrew\74f05330e8.jpg;corcScrew;2;0.4106276132262942;9;10;0.08577017333931376
607;data\images\original\corcScrew\78a3dff93a.jpg;corcScrew;2;0.909346780704788;45;62;0.04927133906888151
608;data\images\original\corcScrew\81247424ae.jpg;corcScrew;2;0.6783156967674763;18;22;0.05169913520010981
609;data\images\original\corcScrew\83a2e5f127.jpg;corcScrew;2;0.41079669113273265;7;9;0.15151215080492994
610;data\images\original\corcScrew\86af99dbe0.jpg;corcScrew;2;0.6151392060540762;7;9;0.12202660644198535
611;data\images\original\corcScrew\88a26baab4.jpg;corcScrew;2;0.7101293732273037;9;13;0.18716952534094927
612;data\images\original\corcScrew\8bb0c7074a.jpg;corcScrew;2;0.5713833312216517;9;9;0.18605349616887198
613;data\images\original\corcScrew\90bf71c85d.jpg;corcScrew;2;0.6190915058637273;15;18;0.08419860009400104
614;data\images\original\corcScrew\9243a711ec.jpg;corcScrew;2;0.14304469035756082;4;3;0.2540145417054494
615;data\images\original\corcScrew\94004d7ce8.jpg;corcScrew;2;0.8674572803955185;36;41;0.05403495009713496
616;data\images\original\corcScrew\9406d179cc.jpg;corcScrew;2;0.17258883248730963;5;4;0.734975548229559
617;data\images\original\corcScrew\94157852b0.jpg;corcScrew;2;0.9812364629378969;8;12;11953033319664300,00
618;data\images\original\corcScrew\94f71f259f.jpg;corcScrew;2;0.38114754098360654;12;14;0.07055795350988939
619;data\images\original\corcScrew\9be707ee30.jpg;corcScrew;2;0.39312601431053906;3;6;0.10100405675102356
620;data\images\original\corcScrew\9e52200c26.jpg;corcScrew;2;0.8150033915843586;6;16;0.053850649279463474
621;data\images\original\corcScrew\9ec4c33f9c.jpg;corcScrew;2;0.7531486146095718;24;59;0.03112571365505722
622;data\images\original\corcScrew\a1a583b493.jpg;corcScrew;2;0.3979591836734694;9;9;0.12210644361380404
623;data\images\original\corcScrew\a77145b8a8.jpg;corcScrew;2;0.8917441040846927;11;15;0.06101271292265996
624;data\images\original\corcScrew\aa41585bcd.jpg;corcScrew;2;0.9196977025435069;41;101;0.02298540724485375
625;data\images\original\corcScrew\b32fa42a54.jpg;corcScrew;2;0.1960806832386506;29;42;0.0923918522433445
626;data\images\original\corcScrew\b76ab5c077.jpg;corcScrew;2;0.6609057688294491;14;17;0.10023727925161506
627;data\images\original\corcScrew\b84e501685.jpg;corcScrew;2;0.5018840629914016;8;10;0.1323932688755461
628;data\images\original\corcScrew\bbebf5e457.jpg;corcScrew;2;0.8057682399773577;15;37;0.047656311297598224
629;data\images\original\corcScrew\bd2cd7a9d1.jpg;corcScrew;2;0.7514165878179953;8;13;0.12741730193095335
630;data\images\original\corcScrew\be3753a4d9.jpg;corcScrew;2;0.4890795631825273;36;200;0.018063412262240206
631;data\images\original\corcScrew\c10c88f3e4.jpg;corcScrew;2;0.34947746643990635;68;280;0.06065090104637303
632;data\images\original\corcScrew\c1f7340ff0.jpg;corcScrew;2;0.9606766405972248;6;8;0.19595279251839967
633;data\images\original\corcScrew\c609a786e4.jpg;corcScrew;2;0.1321374727937594;46;69;0.13005530856074865
634;data\images\original\corcScrew\c64f61dc8c.jpg;corcScrew;2;0.7514802302275221;38;172;0.04432741398060156
635;data\images\original\corcScrew\d6517b5f89.jpg;corcScrew;2;0.41378451977283565;11;16;0.07870862172944924
636;data\images\original\corcScrew\da0c97b5c4.jpg;corcScrew;2;1.0;5;6;0.1410052445073607
637;data\images\original\corcScrew\de1ae6af2e.jpg;corcScrew;2;0.7482615470703867;31;94;0.06617149784592104
638;data\images\original\corcScrew\DSC_2701.JPG;corcScrew;2;0.33056501068241906;325;989;0.06750522101023831
639;data\images\original\corcScrew\e4cb6a6a43.jpg;corcScrew;2;0.7480820028973308;11;22;0.0539790861729438
640;data\images\original\corcScrew\eb43a17bbf.jpg;corcScrew;2;0.8332895085709977;8;10;0.1785821178016873
641;data\images\original\corcScrew\ee80520989.jpg;corcScrew;2;0.26732673267326734;7;20;0.03505123467348147
642;data\images\original\corcScrew\f10d412957.jpg;corcScrew;2;0.4073769527995819;12;12;0.1318184465363493
643;data\images\original\corcScrew\f36da3a7cc.jpg;corcScrew;2;0.1412599217140852;17;23;0.12087023857255297
644;data\images\original\corcScrew\f4a5570f13.jpg;corcScrew;2;0.6842809364548496;138;238;0.013559811256185507
645;data\images\original\corcScrew\f9b20c91a2.jpg;corcScrew;2;0.6899457825919758;8;11;0.1584593862297594
646;data\images\original\corcScrew\fa3f14225e.jpg;corcScrew;2;0.461864406779661;14;25;0.0391023689929211
647;data\images\original\corcScrew\fde785881b.jpg;corcScrew;2;0.4063802163932011;5;5;0.14168300834121567
648;data\images\original\corcScrew\ff8f91c442.jpg;corcScrew;2;0.884048956105523;19;26;0.06582891528423016
649;data\images\original\corcScrew\IMG_20211031_130131.jpg;corcScrew;2;0.3142840619596965;22;313;8885376347137600,00
650;data\images\original\corcScrew\IMG_20211031_130140.jpg;corcScrew;2;0.28877389785836655;30;547;0.3129341969916044
651;data\images\original\corcScrew\IMG_20211220_181410.jpg;corcScrew;2;0.5254725162341122;518;842;0.10396857462619806
652;data\images\original\corcScrew\IMG_20211220_182155.jpg;corcScrew;2;0.8464249719618518;130;1023;0.008588693294427045
653;data\images\original\corcScrew\IMG_20211220_193154866.jpg;corcScrew;2;0.2011938915455327;180;1387;0.09021936370959956
654;data\images\original\corcScrew\IMG_20211220_193454311.jpg;corcScrew;2;0.2803824666125214;189;1620;0.24332260710911946
655;data\images\original\corcScrew\signal-2021-12-20-181457_001.jpeg;corcScrew;2;0.44507088529042677;35;94;0.24309975734243333
656;data\images\original\corcScrew\signal-2021-12-20-181942.jpeg;corcScrew;2;0.09472694592295049;11;23;3826256906897360,00
657;data\images\original\corcScrew\signal-2021-12-20-182002_002.jpeg;corcScrew;2;0.6640706189796344;21;68;0.01068964910289835
658;data\images\original\corcScrew\signal-2021-12-20-184140.jpeg;corcScrew;2;0.1713393054508968;24;98;0.08995528112988911
659;data\images\original\corcScrew\signal-2021-12-20-225501_001.jpeg;corcScrew;2;0.5971563981042654;34;91;0.04533281238954558
660;data\images\original\corcScrew\signal-2021-12-20-234204_002.jpeg;corcScrew;2;0.2467254723444438;98;359;0.04945461162074576
661;data\images\original\corcScrew\signal-2021-12-21-091943_003.jpeg;corcScrew;2;0.40853256193343507;112;310;0.3576160262572092
662;data\images\original\corcScrew\signal-2021-12-21-095121_001.jpeg;corcScrew;2;0.18112683258555815;71;226;0.08553737237296902
663;data\images\original\corcScrew\signal-2021-12-21-095121_007.jpeg;corcScrew;2;0.20596340285047268;148;398;0.11482202216387195
664;data\images\original\multiTool\086d88ae9a.jpg;multiTool;3;0.6598516174443159;8;12;0.16966702630966998
665;data\images\original\multiTool\0c7779d1d2.jpg;multiTool;3;0.32989690721649484;11;17;0.029546680043236007
666;data\images\original\multiTool\0d0fd47953.jpg;multiTool;3;0.65288121829269;31;53;0.041856927380552265
667;data\images\original\multiTool\1acff249c2.jpg;multiTool;3;0.41668238577200095;9;13;0.09312988366916913
668;data\images\original\multiTool\1d8a5e0850.jpg;multiTool;3;0.41581522012783295;39;60;0.03871705605536859
669;data\images\original\multiTool\20211220_190453.jpg;multiTool;3;0.4180409874665088;27;210;0.985119513046999
670;data\images\original\multiTool\218c19b92e.jpg;multiTool;3;0.3804870316046029;39;56;0.054464138467484956
671;data\images\original\multiTool\24fd982bbb.jpg;multiTool;3;0.7137042661045258;85;121;0.02411078246934841
672;data\images\original\multiTool\294067db55.jpg;multiTool;3;0.7263015325594305;12;13;0.11105504729290146
673;data\images\original\multiTool\2b918ae748.jpg;multiTool;3;0.5709459459459459;18;22;0.09243162976799384
674;data\images\original\multiTool\35df8da3d4.jpg;multiTool;3;0.441263130467703;61;133;0.016798812132242092
675;data\images\original\multiTool\38dede4759.jpg;multiTool;3;0.9006755706642975;21;30;0.1051179116130435
676;data\images\original\multiTool\3ac2a9d7fc.jpg;multiTool;3;0.5959185568707793;65;82;0.034294171314332114
677;data\images\original\multiTool\3ae65ee232.jpg;multiTool;3;0.29668567572876076;28;43;0.02211356956019353
678;data\images\original\multiTool\3b6c2f83b0.jpg;multiTool;3;0.41512083296470526;7;9;0.13941414279715644
679;data\images\original\multiTool\3cd573484f.jpg;multiTool;3;0.4576780020003852;8;9;0.17839915651803076
680;data\images\original\multiTool\3e56f5a84d.jpg;multiTool;3;0.6174637931597401;43;88;0.0410959255901704
681;data\images\original\multiTool\40227332ba.jpg;multiTool;3;0.6908311707081682;12;15;0.15367683576739863
682;data\images\original\multiTool\44b5dc8dae.jpg;multiTool;3;0.7087038112993118;21;32;0.08403076186973864
683;data\images\original\multiTool\4b22570aa2.jpg;multiTool;3;0.4670871529553525;18;38;0.06020027464568788
684;data\images\original\multiTool\520ef14218.jpg;multiTool;3;0.5719538898583728;101;193;0.11517215421276972
685;data\images\original\multiTool\5548c3bda3.jpg;multiTool;3;0.8390751903384944;5;7;0.09526980610217078
686;data\images\original\multiTool\5685598673.jpg;multiTool;3;0.6466904813258895;13;15;0.09524811498613617
687;data\images\original\multiTool\5791632bdf.jpg;multiTool;3;0.681602009684009;13;14;0.10996478414976343
688;data\images\original\multiTool\57b6b7c590.jpg;multiTool;3;0.36036036036036034;12;12;0.06250521274537651
689;data\images\original\multiTool\5d7dc4c608.jpg;multiTool;3;0.44449801455787286;14;13;0.14385080148461268
690;data\images\original\multiTool\640143505f.jpg;multiTool;3;0.28799672430273926;26;60;0.02173744615443522
691;data\images\original\multiTool\668414981b.jpg;multiTool;3;0.5990253364403915;13;15;0.11442718788504316
692;data\images\original\multiTool\6906f6c8c1.jpg;multiTool;3;0.6903905423350686;51;97;0.028388991907797412
693;data\images\original\multiTool\6dc9a9ad67.jpg;multiTool;3;0.7637879542224578;7;9;0.16096272511520798
694;data\images\original\multiTool\7018ca7999.jpg;multiTool;3;0.6704820143214034;27;40;0.11402715751199867
695;data\images\original\multiTool\70f814848a.jpg;multiTool;3;0.37823834196891193;9;10;0.08393280129120614
696;data\images\original\multiTool\7306a90e11.jpg;multiTool;3;0.3190992989748368;10;10;0.1480520096723385
697;data\images\original\multiTool\75ceb1ca38.jpg;multiTool;3;0.6171557727431297;89;239;0.030457309428963266
698;data\images\original\multiTool\79e9670614.jpg;multiTool;3;0.6170193513557884;13;13;0.09516015810827247
699;data\images\original\multiTool\7b83de9cc7.jpg;multiTool;3;0.3411386632110009;33;38;0.03760006405678927
700;data\images\original\multiTool\7cb23dd57e.jpg;multiTool;3;0.3644838198930641;7;7;0.20685549743404097
701;data\images\original\multiTool\88d10eceac.jpg;multiTool;3;0.610947534836008;10;12;0.11895790861780058
702;data\images\original\multiTool\892bd1ed2a.jpg;multiTool;3;0.699482611104942;30;42;0.0641795833995051
703;data\images\original\multiTool\8c7dc592ee.jpg;multiTool;3;0.8118682941127406;11;13;0.14447208264781453
704;data\images\original\multiTool\8ff23c3164.jpg;multiTool;3;0.3741579183973567;30;43;0.10714260052423599
705;data\images\original\multiTool\a3599f5352.jpg;multiTool;3;0.390301015904878;76;215;0.014668996473289855
706;data\images\original\multiTool\adf1461dcb.jpg;multiTool;3;0.1768902465763285;20;29;0.039594546351581814
707;data\images\original\multiTool\ae30c03cee.jpg;multiTool;3;0.2989217150641004;11;14;0.05934079558510452
708;data\images\original\multiTool\c248ffc745.jpg;multiTool;3;0.3940597859072719;10;12;0.13156377581520678
709;data\images\original\multiTool\c2d74c395b.jpg;multiTool;3;0.4121289967524919;11;11;0.0792772311430711
710;data\images\original\multiTool\c4d6737985.jpg;multiTool;3;0.4637090623657799;7;8;0.17534675739698377
711;data\images\original\multiTool\c7c381b224.jpg;multiTool;3;0.7072765799061292;12;13;0.12107806024264528
712;data\images\original\multiTool\c80aced2da.jpg;multiTool;3;0.7232453573203915;272;720;0.014130522264424974
713;data\images\original\multiTool\d38d737022.jpg;multiTool;3;0.4845714285714286;59;107;0.04563282225300615
714;data\images\original\multiTool\dfa115b52b.jpg;multiTool;3;0.9757946746509033;14;22;0.16452974910985785
715;data\images\original\multiTool\f134fff1be.jpg;multiTool;3;0.36988401591391445;43;50;0.06028218811927076
716;data\images\original\multiTool\f657f5fe99.jpg;multiTool;3;0.6454459191002171;14;14;0.11567344200335428
717;data\images\original\multiTool\f693cf5416.jpg;multiTool;3;0.9112452998307852;6;6;0.12459263351483543
718;data\images\original\multiTool\f775de1e9a.jpg;multiTool;3;0.4859088664948269;17;17;0.11087571389125833
719;data\images\original\multiTool\IMG_20211216_135947.jpg;multiTool;3;0.35097236064932597;148;1097;0.3035831243050854
720;data\images\original\multiTool\IMG_20211220_181243.jpg;multiTool;3;0.594404082643174;134;241;0.06431328466717297
721;data\images\original\multiTool\IMG_20211220_193211909.jpg;multiTool;3;0.6015325670498084;72;1412;0.012316766227006138
722;data\images\original\multiTool\IMG_20211220_193253670.jpg;multiTool;3;0.29552473104259175;1029;6563;0.6208004611522712
723;data\images\original\multiTool\IMG_20211220_193411808.jpg;multiTool;3;0.6267203299406553;252;1178;0.013154999880309387
724;data\images\original\multiTool\IMG_20211220_212845.jpg;multiTool;3;0.9820360995642611;388;906;0.0188030443597274
725;data\images\original\multiTool\IMG_20211221_121804.jpg;multiTool;3;0.9720291145217942;117;343;0.33743117339752987
726;data\images\original\multiTool\IMG_20211221_121846.jpg;multiTool;3;0.8568351592636659;23;218;0.6109955795165123
728;data\images\original\multiTool\signal-2021-12-20-234204_005.jpeg;multiTool;3;0.18932643742559815;86;390;0.046759626627467195
